{
    "total_runtime": 517.4282269477844,
    "num_documents": 7,
    "input_load_time": 0,
    "workflows": {
        "create_base_text_units": {
            "overall": 0.16113901138305664,
            "0_orderby": 0.0015249252319335938,
            "1_zip": 0.001589059829711914,
            "2_aggregate_override": 0.0025327205657958984,
            "3_chunk": 0.13033485412597656,
            "4_select": 0.0019309520721435547,
            "5_unroll": 0.0025849342346191406,
            "6_rename": 0.0019283294677734375,
            "7_genid": 0.003489971160888672,
            "8_unzip": 0.0024590492248535156,
            "9_copy": 0.0023810863494873047,
            "10_filter": 0.008968830108642578
        },
        "create_base_extracted_entities": {
            "overall": 285.21441984176636,
            "0_entity_extract": 285.20115995407104,
            "1_merge_graphs": 0.010742902755737305
        },
        "create_summarized_entities": {
            "overall": 213.37886786460876,
            "0_summarize_descriptions": 213.3758418560028
        },
        "create_base_entity_graph": {
            "overall": 0.02707695960998535,
            "0_cluster_graph": 0.020581960678100586,
            "1_select": 0.0034177303314208984
        },
        "create_final_entities": {
            "overall": 1.2203099727630615,
            "0_unpack_graph": 0.009054899215698242,
            "1_rename": 0.004178047180175781,
            "2_select": 0.0040950775146484375,
            "3_dedupe": 0.004268646240234375,
            "4_rename": 0.004101991653442383,
            "5_filter": 0.010093212127685547,
            "6_text_split": 0.004884958267211914,
            "7_drop": 0.004412174224853516,
            "8_merge": 0.009102106094360352,
            "9_text_embed": 1.1457130908966064,
            "10_drop": 0.005292654037475586,
            "11_filter": 0.011654853820800781
        },
        "create_final_nodes": {
            "overall": 0.1180868148803711,
            "0_layout_graph": 0.0235440731048584,
            "1_unpack_graph": 0.010560035705566406,
            "2_unpack_graph": 0.011256933212280273,
            "3_filter": 0.013586997985839844,
            "4_drop": 0.005963563919067383,
            "5_select": 0.006237983703613281,
            "6_rename": 0.006072044372558594,
            "7_join": 0.008706092834472656,
            "8_convert": 0.020624160766601562,
            "9_rename": 0.006370067596435547
        },
        "create_final_communities": {
            "overall": 0.14880609512329102,
            "0_unpack_graph": 0.01128387451171875,
            "1_unpack_graph": 0.011106014251708984,
            "2_aggregate_override": 0.007555246353149414,
            "3_join": 0.009151935577392578,
            "4_join": 0.009081840515136719,
            "5_concat": 0.007042646408081055,
            "6_filter": 0.017986059188842773,
            "7_aggregate_override": 0.008810043334960938,
            "8_join": 0.009298086166381836,
            "9_filter": 0.016503095626831055,
            "10_fill": 0.00824284553527832,
            "11_merge": 0.009585142135620117,
            "12_copy": 0.008195638656616211,
            "13_select": 0.008297920227050781
        },
        "join_text_units_to_entity_ids": {
            "overall": 0.036412954330444336,
            "0_select": 0.008706808090209961,
            "1_unroll": 0.009621143341064453,
            "2_aggregate_override": 0.00992894172668457
        },
        "create_final_relationships": {
            "overall": 0.1266310214996338,
            "0_unpack_graph": 0.014045953750610352,
            "1_filter": 0.020771026611328125,
            "2_rename": 0.009466886520385742,
            "3_filter": 0.02162313461303711,
            "4_drop": 0.009980916976928711,
            "5_compute_edge_combined_degree": 0.011245250701904297,
            "6_convert": 0.02049994468688965,
            "7_convert": 0.010030269622802734
        },
        "join_text_units_to_relationship_ids": {
            "overall": 0.05358386039733887,
            "0_select": 0.010982036590576172,
            "1_unroll": 0.010787010192871094,
            "2_aggregate_override": 0.011227130889892578,
            "3_select": 0.010920047760009766
        },
        "create_final_community_reports": {
            "overall": 14.868162870407104,
            "0_prepare_community_reports_nodes": 0.012575864791870117,
            "1_prepare_community_reports_edges": 0.011346101760864258,
            "2_restore_community_hierarchy": 0.012442827224731445,
            "3_prepare_community_reports": 0.03912186622619629,
            "4_create_community_reports": 14.764564990997314,
            "5_window": 0.017306089401245117
        },
        "create_final_text_units": {
            "overall": 0.0893709659576416,
            "0_select": 0.01225900650024414,
            "1_rename": 0.011465072631835938,
            "2_join": 0.013801813125610352,
            "3_join": 0.014660835266113281,
            "4_aggregate_override": 0.01351785659790039,
            "5_select": 0.011874914169311523
        },
        "create_base_documents": {
            "overall": 0.14963102340698242,
            "0_unroll": 0.012928962707519531,
            "1_select": 0.012475967407226562,
            "2_rename": 0.012447118759155273,
            "3_join": 0.014449834823608398,
            "4_aggregate_override": 0.01384878158569336,
            "5_join": 0.015617132186889648,
            "6_rename": 0.013363838195800781,
            "7_convert": 0.04172801971435547
        },
        "create_final_documents": {
            "overall": 0.02827286720275879,
            "0_rename": 0.014657974243164062
        }
    }
}