{
    "total_runtime": 3098.063899755478,
    "num_documents": 1,
    "input_load_time": 0,
    "workflows": {
        "create_base_text_units": {
            "overall": 0.1255199909210205,
            "0_orderby": 0.0012862682342529297,
            "1_zip": 0.0013811588287353516,
            "2_aggregate_override": 0.002201080322265625,
            "3_chunk": 0.09931492805480957,
            "4_select": 0.002061128616333008,
            "5_unroll": 0.0022683143615722656,
            "6_rename": 0.0015628337860107422,
            "7_genid": 0.0021588802337646484,
            "8_unzip": 0.0019140243530273438,
            "9_copy": 0.0019190311431884766,
            "10_filter": 0.00814509391784668
        },
        "create_base_extracted_entities": {
            "overall": 2367.4448099136353,
            "0_entity_extract": 2367.430264234543,
            "1_merge_graphs": 0.012340784072875977
        },
        "create_summarized_entities": {
            "overall": 97.96225810050964,
            "0_summarize_descriptions": 97.9596939086914
        },
        "create_base_entity_graph": {
            "overall": 0.027704238891601562,
            "0_cluster_graph": 0.02170085906982422,
            "1_select": 0.003255128860473633
        },
        "create_final_entities": {
            "overall": 1.6968398094177246,
            "0_unpack_graph": 0.00799703598022461,
            "1_rename": 0.003643035888671875,
            "2_select": 0.003659963607788086,
            "3_dedupe": 0.004328012466430664,
            "4_rename": 0.00397801399230957,
            "5_filter": 0.00910639762878418,
            "6_text_split": 0.00421905517578125,
            "7_drop": 0.003933906555175781,
            "8_merge": 0.008858919143676758,
            "9_text_embed": 1.6256651878356934,
            "10_drop": 0.0048370361328125,
            "11_filter": 0.01355600357055664
        },
        "create_final_nodes": {
            "overall": 0.10671377182006836,
            "0_layout_graph": 0.02316880226135254,
            "1_unpack_graph": 0.009490966796875,
            "2_unpack_graph": 0.009855985641479492,
            "3_filter": 0.011937141418457031,
            "4_drop": 0.0051267147064208984,
            "5_select": 0.005167722702026367,
            "6_rename": 0.005076169967651367,
            "7_join": 0.007936954498291016,
            "8_convert": 0.01857161521911621,
            "9_rename": 0.0059070587158203125
        },
        "create_final_communities": {
            "overall": 0.13703513145446777,
            "0_unpack_graph": 0.010657787322998047,
            "1_unpack_graph": 0.010601997375488281,
            "2_aggregate_override": 0.007332801818847656,
            "3_join": 0.008661031723022461,
            "4_join": 0.00878286361694336,
            "5_concat": 0.0064373016357421875,
            "6_filter": 0.016785144805908203,
            "7_aggregate_override": 0.008328914642333984,
            "8_join": 0.009069204330444336,
            "9_filter": 0.015582084655761719,
            "10_fill": 0.0071527957916259766,
            "11_merge": 0.007863044738769531,
            "12_copy": 0.007098197937011719,
            "13_select": 0.007092952728271484
        },
        "join_text_units_to_entity_ids": {
            "overall": 0.03247213363647461,
            "0_select": 0.0077741146087646484,
            "1_unroll": 0.008394956588745117,
            "2_aggregate_override": 0.008836984634399414
        },
        "create_final_relationships": {
            "overall": 0.10865306854248047,
            "0_unpack_graph": 0.011862039566040039,
            "1_filter": 0.018115758895874023,
            "2_rename": 0.007999897003173828,
            "3_filter": 0.017943859100341797,
            "4_drop": 0.008899927139282227,
            "5_compute_edge_combined_degree": 0.009847164154052734,
            "6_convert": 0.017981290817260742,
            "7_convert": 0.008833169937133789
        },
        "join_text_units_to_relationship_ids": {
            "overall": 0.04590892791748047,
            "0_select": 0.008588075637817383,
            "1_unroll": 0.009342193603515625,
            "2_aggregate_override": 0.010174989700317383,
            "3_select": 0.008996963500976562
        },
        "create_final_community_reports": {
            "overall": 628.5715458393097,
            "0_prepare_community_reports_nodes": 0.010179758071899414,
            "1_prepare_community_reports_edges": 0.010222196578979492,
            "2_restore_community_hierarchy": 0.01088094711303711,
            "3_prepare_community_reports": 0.03926992416381836,
            "4_create_community_reports": 628.4789252281189,
            "5_window": 0.013119935989379883
        },
        "create_final_text_units": {
            "overall": 0.07803487777709961,
            "0_select": 0.010586023330688477,
            "1_rename": 0.010109186172485352,
            "2_join": 0.012636899948120117,
            "3_join": 0.012849807739257812,
            "4_aggregate_override": 0.011422872543334961,
            "5_select": 0.010833024978637695
        },
        "create_base_documents": {
            "overall": 0.12968826293945312,
            "0_unroll": 0.016291141510009766,
            "1_select": 0.016476869583129883,
            "2_rename": 0.011124849319458008,
            "3_join": 0.01315927505493164,
            "4_aggregate_override": 0.012084007263183594,
            "5_join": 0.014586925506591797,
            "6_rename": 0.011754989624023438,
            "7_convert": 0.023201942443847656
        },
        "create_final_documents": {
            "overall": 0.023647069931030273,
            "0_rename": 0.011916160583496094
        }
    }
}