{
    "total_runtime": 2651.2159819602966,
    "num_documents": 1,
    "input_load_time": 0,
    "workflows": {
        "create_base_text_units": {
            "overall": 0.12273311614990234,
            "0_orderby": 0.0013260841369628906,
            "1_zip": 0.0014100074768066406,
            "2_aggregate_override": 0.0022881031036376953,
            "3_chunk": 0.09724712371826172,
            "4_select": 0.00180816650390625,
            "5_unroll": 0.002206087112426758,
            "6_rename": 0.0015649795532226562,
            "7_genid": 0.001989126205444336,
            "8_unzip": 0.002290964126586914,
            "9_copy": 0.0017380714416503906,
            "10_filter": 0.007546663284301758
        },
        "create_base_extracted_entities": {
            "overall": 2360.358994245529,
            "0_entity_extract": 2360.33612203598,
            "1_snapshot": 0.0038111209869384766,
            "2_merge_graphs": 0.009363889694213867,
            "3_snapshot_rows": 0.00736689567565918
        },
        "create_summarized_entities": {
            "overall": 65.22669196128845,
            "0_summarize_descriptions": 65.21647882461548,
            "1_snapshot_rows": 0.007610797882080078
        },
        "create_base_entity_graph": {
            "overall": 0.03020787239074707,
            "0_cluster_graph": 0.01610708236694336,
            "1_snapshot_rows": 0.003843069076538086,
            "2_snapshot_rows": 0.0038771629333496094,
            "3_select": 0.0034160614013671875
        },
        "create_final_entities": {
            "overall": 1.3145248889923096,
            "0_unpack_graph": 0.006680965423583984,
            "1_rename": 0.004045963287353516,
            "2_select": 0.003695249557495117,
            "3_dedupe": 0.004256725311279297,
            "4_rename": 0.004131793975830078,
            "5_filter": 0.009696006774902344,
            "6_text_split": 0.004611015319824219,
            "7_drop": 0.004297018051147461,
            "8_merge": 0.007913827896118164,
            "9_text_embed": 1.246216058731079,
            "10_drop": 0.004761934280395508,
            "11_filter": 0.010736227035522461
        },
        "create_final_nodes": {
            "overall": 0.10970687866210938,
            "0_layout_graph": 0.017771005630493164,
            "1_unpack_graph": 0.008980989456176758,
            "2_unpack_graph": 0.008956193923950195,
            "3_filter": 0.012536764144897461,
            "4_drop": 0.0057599544525146484,
            "5_select": 0.0055217742919921875,
            "6_snapshot": 0.0060269832611083984,
            "7_rename": 0.005728960037231445,
            "8_join": 0.008388042449951172,
            "9_convert": 0.01902604103088379,
            "10_rename": 0.0059740543365478516
        },
        "create_final_communities": {
            "overall": 0.16286206245422363,
            "0_unpack_graph": 0.009404182434082031,
            "1_unpack_graph": 0.009985208511352539,
            "2_aggregate_override": 0.008402824401855469,
            "3_join": 0.009979009628295898,
            "4_join": 0.009521245956420898,
            "5_concat": 0.010106086730957031,
            "6_filter": 0.03604578971862793,
            "7_aggregate_override": 0.00869297981262207,
            "8_join": 0.008761167526245117,
            "9_filter": 0.015459060668945312,
            "10_fill": 0.006905078887939453,
            "11_merge": 0.007709026336669922,
            "12_copy": 0.007432222366333008,
            "13_select": 0.008094072341918945
        },
        "join_text_units_to_entity_ids": {
            "overall": 0.03161025047302246,
            "0_select": 0.007653236389160156,
            "1_unroll": 0.008070945739746094,
            "2_aggregate_override": 0.008380889892578125
        },
        "create_final_relationships": {
            "overall": 0.1090998649597168,
            "0_unpack_graph": 0.011358976364135742,
            "1_filter": 0.018558979034423828,
            "2_rename": 0.008308887481689453,
            "3_filter": 0.018037080764770508,
            "4_drop": 0.008414030075073242,
            "5_compute_edge_combined_degree": 0.009856939315795898,
            "6_convert": 0.01733994483947754,
            "7_convert": 0.008656024932861328
        },
        "join_text_units_to_relationship_ids": {
            "overall": 0.05695605278015137,
            "0_select": 0.009036779403686523,
            "1_unroll": 0.009558916091918945,
            "2_aggregate_override": 0.010401010513305664,
            "3_select": 0.018917083740234375
        },
        "create_final_community_reports": {
            "overall": 221.90432786941528,
            "0_prepare_community_reports_nodes": 0.010286092758178711,
            "1_prepare_community_reports_edges": 0.010083198547363281,
            "2_restore_community_hierarchy": 0.010772943496704102,
            "3_prepare_community_reports": 0.031410932540893555,
            "4_create_community_reports": 221.82175993919373,
            "5_window": 0.01050710678100586
        },
        "create_final_text_units": {
            "overall": 0.08078312873840332,
            "0_select": 0.011044025421142578,
            "1_rename": 0.010763883590698242,
            "2_join": 0.012357950210571289,
            "3_join": 0.013226985931396484,
            "4_aggregate_override": 0.012098073959350586,
            "5_select": 0.010686874389648438
        },
        "create_base_documents": {
            "overall": 0.1182858943939209,
            "0_unroll": 0.01157689094543457,
            "1_select": 0.01085805892944336,
            "2_rename": 0.011020183563232422,
            "3_join": 0.012780904769897461,
            "4_aggregate_override": 0.011960983276367188,
            "5_join": 0.013585090637207031,
            "6_rename": 0.011932134628295898,
            "7_convert": 0.023363113403320312
        },
        "create_final_documents": {
            "overall": 0.024644851684570312,
            "0_rename": 0.012504816055297852
        }
    }
}